{
    "mae": 1218.0210383389783,
    "mse": 2759217.4771651193,
    "rmse": 1661.0892441904255,
    "r2_score": 0.06721750574699592,
    "train_range_op": [
        33.29,
        13086.9648
    ],
    "evaluation_range_op": [
        33.29,
        13086.9648
    ]
}