{
    "mae": 305.31484353241416,
    "mse": 192284.54166378776,
    "rmse": 438.50261306380804,
    "r2_score": 0.9349961879178434,
    "train_range_op": [
        33.29,
        13086.9648
    ],
    "evaluation_range_op": [
        33.29,
        13086.9648
    ]
}