{
    "mae": 304.3279546955119,
    "mse": 192429.6445006289,
    "rmse": 438.6680345097291,
    "r2_score": 0.9349471343774132,
    "train_range_op": [
        33.29,
        13086.9648
    ],
    "evaluation_range_op": [
        33.29,
        13086.9648
    ]
}